family,task,shot,head,n,f1_mean,f1_std,ap_mean,ap_std,auc_mean,auc_std
aef_annual_2025,building,5,conv3x3,15,0.19329934766063364,0.19482193673230033,0.1857348499691322,0.19430984558062575,0.9188213748074143,0.06823788949443861
aef_annual_2025,building,5,deep_wide_mlp,15,0.19325308988258513,0.19036575791270718,0.17407823851566484,0.1778356951982266,0.9410165876426804,0.04251061343483972
aef_annual_2025,building,5,deeplab_lite,15,0.1431584270831868,0.16122418347370002,0.11780451038327877,0.1369178383097213,0.7788886604962708,0.18983838222080512
aef_annual_2025,building,5,linear,15,0.1683842954567868,0.18802585013996648,0.14386740656724595,0.1651390341345797,0.9172526309216854,0.07486466734774938
aef_annual_2025,building,5,unet,15,0.1279154770417949,0.12930018608607383,0.10961502909691005,0.11277407743771814,0.8285478999015419,0.10348570826413098
aef_annual_2025,building,5,wide_mlp,15,0.1781963982420304,0.1758242620234171,0.15535589107298453,0.16074116561226096,0.9329364533449296,0.04858790320034011
aef_annual_2025,building,10,conv3x3,15,0.2425456910468278,0.2246601753387811,0.23315524161617518,0.226027162331135,0.9060364963376125,0.16060171589656216
aef_annual_2025,building,10,deep_wide_mlp,15,0.2378888306009562,0.2161930328831557,0.217627739703442,0.20982301229947084,0.9508484512070446,0.035431109612354364
aef_annual_2025,building,10,deeplab_lite,15,0.22419084927246294,0.20353217355193937,0.2072638944134493,0.2009710174931225,0.931839373081323,0.056339786045305325
aef_annual_2025,building,10,linear,15,0.18922412267622993,0.19464336941167326,0.16227948037687084,0.18314025495652614,0.9419101688050833,0.05685177319684955
aef_annual_2025,building,10,unet,15,0.22125868031662868,0.20682841131799845,0.20977667980660064,0.2104148863772683,0.9318997229892836,0.04671175498869229
aef_annual_2025,building,10,wide_mlp,15,0.22951044935943932,0.20677934993630712,0.20749778349740863,0.19981125391315815,0.9490740134907278,0.035753696364117835
aef_annual_2025,road,5,conv3x3,15,0.4522535396175361,0.09007947996171574,0.4832255642585566,0.1004180286913576,0.8507462532144567,0.05474841766847436
aef_annual_2025,road,5,deep_wide_mlp,15,0.4578199346602167,0.08282468552088298,0.5054766930838538,0.08964483046280138,0.8961951096021148,0.04679016344925372
aef_annual_2025,road,5,deeplab_lite,15,0.37763672033249984,0.09114324745741795,0.37214360542563085,0.09409844896984004,0.7828564859054279,0.06413809003382924
aef_annual_2025,road,5,linear,15,0.2783059855358163,0.08394536082214644,0.19354470188190553,0.06625402169541642,0.8036642006041608,0.07107768625224303
aef_annual_2025,road,5,unet,15,0.38922566613494797,0.08882749338850425,0.36173280766642785,0.10709645059453099,0.7590869809537306,0.07653113059493635
aef_annual_2025,road,5,wide_mlp,15,0.45166932737553855,0.09711477081512977,0.4877105723236068,0.09526628843409128,0.8978890655351378,0.04743227936339871
aef_annual_2025,road,10,conv3x3,15,0.5147379105140714,0.09288038880461365,0.5706510151445577,0.08736076980661417,0.8885909886305017,0.04664920458982607
aef_annual_2025,road,10,deep_wide_mlp,15,0.5003651136218326,0.08896885984193818,0.563196432945968,0.08589963493180483,0.9090222539654209,0.043271171724985624
aef_annual_2025,road,10,deeplab_lite,15,0.4921258441485835,0.06807991039466157,0.5132731315135632,0.0921599704230158,0.8606510619938486,0.047861608433087115
aef_annual_2025,road,10,linear,15,0.3335842693219442,0.09349016174098457,0.2868744759422204,0.08058678337792612,0.8521088805791016,0.07516016423838336
aef_annual_2025,road,10,unet,15,0.5050398317231908,0.06740181923676816,0.5372435400381115,0.0742719337559542,0.8723407877140562,0.03526932738875118
aef_annual_2025,road,10,wide_mlp,15,0.4990686320438884,0.07796810005088625,0.560484280440835,0.07707755759579576,0.9102289953770754,0.041616972294792984
aef_annual_2025,water,5,conv3x3,15,0.4385099686464157,0.35725326825723097,0.5128373678292322,0.36443546749342226,0.8267341285601203,0.1377944406187797
aef_annual_2025,water,5,deep_wide_mlp,15,0.4683079995799936,0.34866574814501344,0.5685031911413824,0.36247730499521874,0.8445279512386035,0.13915349919023076
aef_annual_2025,water,5,deeplab_lite,15,0.4259558782556786,0.3425735805130365,0.4492676643937277,0.3648802747665621,0.7599496303061414,0.1717553033269563
aef_annual_2025,water,5,linear,15,0.4421167124498616,0.3417824010204793,0.5326983931410333,0.35265908863422696,0.7951030702265027,0.1891897489730243
aef_annual_2025,water,5,unet,15,0.3982624673359491,0.3440299075235175,0.4130005895261218,0.36567394118134655,0.7519393342696178,0.15579554758553407
aef_annual_2025,water,5,wide_mlp,15,0.49289231533839367,0.34512421347145494,0.5935881041237681,0.3552013525985614,0.8355301426340327,0.14997382523149067
aef_annual_2025,water,10,conv3x3,15,0.4987861753356363,0.3620680278003357,0.5807667108853469,0.35318274440440234,0.8254176334335968,0.19455487554671322
aef_annual_2025,water,10,deep_wide_mlp,15,0.4955119540897838,0.3548362711762199,0.5858356673283817,0.37053322934968436,0.8441924013703563,0.15881505264055
aef_annual_2025,water,10,deeplab_lite,15,0.46652330812627807,0.3408299329780573,0.538444172042729,0.353226237258215,0.8099332312717649,0.18551385933163608
aef_annual_2025,water,10,linear,15,0.4894703666545707,0.34680480234256117,0.6030193470133312,0.3453695919274286,0.7997729422783598,0.2239067094180821
aef_annual_2025,water,10,unet,15,0.4922230779564572,0.35633995691826564,0.5499814842462848,0.3593091292208959,0.8178908355856465,0.18387971963726746
aef_annual_2025,water,10,wide_mlp,15,0.4939589857982876,0.3563288431783615,0.6052418398762908,0.3572683254816237,0.8371167286908405,0.17532057689778732
p10c_haidian_frozen_harbin,building,5,conv3x3,15,0.12868639510362012,0.13816966985572268,0.10198420975090429,0.11926103721072742,0.8122858308494796,0.13463308677934352
p10c_haidian_frozen_harbin,building,5,deep_wide_mlp,15,0.1268558511848156,0.15285730111351623,0.09799306612009274,0.13086757588921982,0.8314455715682798,0.128784087426448
p10c_haidian_frozen_harbin,building,5,deeplab_lite,15,0.09400090567177052,0.11600509855883955,0.061565331270798745,0.08419324819515699,0.7009453125871485,0.2037383065688914
p10c_haidian_frozen_harbin,building,5,linear,15,0.1148411125869858,0.146128371084996,0.07609355406758127,0.1050205092761957,0.770401834309136,0.18321421113650949
p10c_haidian_frozen_harbin,building,5,unet,15,0.09743683674650841,0.12405358811485045,0.07349401442991212,0.10163186937324505,0.6763433196421197,0.23421933041548937
p10c_haidian_frozen_harbin,building,5,wide_mlp,15,0.12154453106738246,0.15326976597201583,0.09342694629065353,0.12970279930999853,0.8292216018853115,0.11440079596766835
p10c_haidian_frozen_harbin,building,10,conv3x3,15,0.1418443236686721,0.15971019864654853,0.1257865926304792,0.14593108048428866,0.8877097080718213,0.07962059413141036
p10c_haidian_frozen_harbin,building,10,deep_wide_mlp,15,0.140880296767955,0.16951947793570316,0.11699765902389334,0.1545664417861226,0.8760977355349658,0.08804529994870047
p10c_haidian_frozen_harbin,building,10,deeplab_lite,15,0.11697736156492733,0.13504605575441597,0.08216088127066902,0.10395804045466586,0.7702796036442666,0.14114690849202585
p10c_haidian_frozen_harbin,building,10,linear,15,0.1275042246407369,0.16472668506770805,0.09603627254254296,0.13743623310173853,0.8105600016521048,0.14872026631782626
p10c_haidian_frozen_harbin,building,10,unet,15,0.10300231378647902,0.11710613284709054,0.07576932029063668,0.09388812533463572,0.7942070604350415,0.2186005354252399
p10c_haidian_frozen_harbin,building,10,wide_mlp,15,0.13999125575951163,0.1652239974451913,0.115728516233816,0.15454879012675224,0.8732350171013744,0.07643215169831398
p10c_haidian_frozen_harbin,road,5,conv3x3,15,0.1669067788037556,0.09560356232099292,0.11959003751493986,0.07886683356889528,0.6323976674131006,0.11001486626492372
p10c_haidian_frozen_harbin,road,5,deep_wide_mlp,15,0.16945259484962824,0.09673090031408599,0.12399424930629994,0.08123190280139896,0.6539154713768012,0.10978072498633429
p10c_haidian_frozen_harbin,road,5,deeplab_lite,15,0.1404903556497648,0.06195052942636908,0.09258426427252556,0.05069666318091289,0.5867220012170171,0.04141411802802647
p10c_haidian_frozen_harbin,road,5,linear,15,0.1732409720519246,0.06666782646619604,0.10389962127299635,0.0475437918997371,0.6433691581662202,0.08511890215585506
p10c_haidian_frozen_harbin,road,5,unet,15,0.1319582127181428,0.06555265066897017,0.08764641472314026,0.0510213344418309,0.5583186887916083,0.05041931598129069
p10c_haidian_frozen_harbin,road,5,wide_mlp,15,0.1686630697123658,0.09955770885303136,0.1234844012665833,0.08073105183332967,0.6604899212142387,0.10542513064411288
p10c_haidian_frozen_harbin,road,10,conv3x3,15,0.1975029842626133,0.09520269877082205,0.1441510056228765,0.08112879939833595,0.6802321153975237,0.10737960344355085
p10c_haidian_frozen_harbin,road,10,deep_wide_mlp,15,0.18774319173413181,0.10361426810714536,0.14167805369306702,0.09029007249043612,0.6682960118058107,0.1180236830632861
p10c_haidian_frozen_harbin,road,10,deeplab_lite,15,0.16497817313145768,0.07508317069810311,0.11385758147991097,0.06599074985889151,0.6252862010679122,0.05631144650537902
p10c_haidian_frozen_harbin,road,10,linear,15,0.17301091081365683,0.08357937407303184,0.11013380194359873,0.05249419978480077,0.648816845714458,0.10998685674650648
p10c_haidian_frozen_harbin,road,10,unet,15,0.1698495282168857,0.08288891437341254,0.11943212218669934,0.07260629666805066,0.6333502645591138,0.05555006071161013
p10c_haidian_frozen_harbin,road,10,wide_mlp,15,0.18893470056611833,0.10577418407161282,0.140907893478721,0.09617370384231204,0.6670320184479388,0.11633856656043144
p10c_haidian_frozen_harbin,water,5,conv3x3,15,0.30143153499257,0.32552054626068666,0.3191469394452661,0.35828205820568,0.6686936411440594,0.15373121410922017
p10c_haidian_frozen_harbin,water,5,deep_wide_mlp,15,0.31679742420660634,0.33456974065226547,0.3387165943778167,0.36103815066582917,0.7045736915933437,0.14631284396685293
p10c_haidian_frozen_harbin,water,5,deeplab_lite,15,0.30487580239821177,0.33031645008467786,0.29988031938641846,0.34111103359784256,0.6597980758635034,0.13421599816515448
p10c_haidian_frozen_harbin,water,5,linear,15,0.2938001014905049,0.32564356079226203,0.3057776570152219,0.3393847521771216,0.680762153824541,0.13353598603537098
p10c_haidian_frozen_harbin,water,5,unet,15,0.30984482918795153,0.33416872859264746,0.28823631890411877,0.33301128984932643,0.6460041018203261,0.1269706942325417
p10c_haidian_frozen_harbin,water,5,wide_mlp,15,0.31772480330438135,0.33382045719839143,0.3448211350107215,0.36029450226441206,0.7096688854024447,0.14299293124465148
p10c_haidian_frozen_harbin,water,10,conv3x3,15,0.3514132580954696,0.33395331854246146,0.3995939141916165,0.34299281099599854,0.7574212696189586,0.13845529896430153
p10c_haidian_frozen_harbin,water,10,deep_wide_mlp,15,0.3525708939980905,0.332208028131338,0.40736184840616396,0.34558603071979227,0.7463922381901962,0.15278260264718677
p10c_haidian_frozen_harbin,water,10,deeplab_lite,15,0.36822309644209494,0.3282478340132942,0.38622649263096187,0.34533414513518845,0.7513612423013054,0.1309278765458212
p10c_haidian_frozen_harbin,water,10,linear,15,0.3176018271792488,0.322952606406685,0.34581261614411896,0.33652236649770984,0.7161059845156991,0.1571505324608088
p10c_haidian_frozen_harbin,water,10,unet,15,0.3348605831463068,0.32092206591134836,0.3970810291565225,0.3332078246442712,0.7442957687498523,0.14025935657587157
p10c_haidian_frozen_harbin,water,10,wide_mlp,15,0.35133953982572425,0.3338196049166756,0.4010380645987501,0.3469084313405938,0.7464312957745837,0.15381065979099925
